{
  "info": {
    "name": "Fraude API - Uploads",
    "_postman_id": "f20250903203150",
    "description": "Colecci\u00f3n para subir META y CONSUMOS y consultar el estado del job.",
    "schema": "https://schema.getpostman.com/json/collection/v2.1.0/collection.json"
  },
  "item": [
    {
      "name": "Health",
      "request": {
        "method": "GET",
        "url": {
          "raw": "{{baseUrl}}/health",
          "host": [
            "{{baseUrl}}"
          ],
          "path": [
            "health"
          ]
        }
      }
    },
    {
      "name": "Subir META",
      "event": [
        {
          "listen": "test",
          "script": {
            "exec": [
              "pm.test('Status 200', function () { pm.response.to.have.status(200); });",
              "try { var data = pm.response.json(); if (data.ok) pm.environment.set('meta_ok', 'true'); } catch(e) {}"
            ],
            "type": "text/javascript"
          }
        }
      ],
      "request": {
        "method": "POST",
        "header": [],
        "body": {
          "mode": "formdata",
          "formdata": [
            {
              "key": "file",
              "type": "file",
              "src": ""
            }
          ]
        },
        "url": {
          "raw": "{{baseUrl}}/meta/upload",
          "host": [
            "{{baseUrl}}"
          ],
          "path": [
            "meta",
            "upload"
          ]
        }
      }
    },
    {
      "name": "Subir CONSUMOS",
      "event": [
        {
          "listen": "test",
          "script": {
            "exec": [
              "pm.test('Status 200', function () { pm.response.to.have.status(200); });",
              "try { var d = pm.response.json(); if (d.job_id) { pm.environment.set('job_id', d.job_id); } } catch(e) {}"
            ],
            "type": "text/javascript"
          }
        }
      ],
      "request": {
        "method": "POST",
        "header": [],
        "body": {
          "mode": "formdata",
          "formdata": [
            {
              "key": "file",
              "type": "file",
              "src": ""
            }
          ]
        },
        "url": {
          "raw": "{{baseUrl}}/ingest/upload",
          "host": [
            "{{baseUrl}}"
          ],
          "path": [
            "ingest",
            "upload"
          ]
        }
      }
    },
    {
      "name": "Job Status",
      "request": {
        "method": "GET",
        "url": {
          "raw": "{{baseUrl}}/jobs/{{job_id}}",
          "host": [
            "{{baseUrl}}"
          ],
          "path": [
            "jobs",
            "{{job_id}}"
          ]
        }
      }
    },
    {
      "name": "Jobs (\u00faltimos)",
      "request": {
        "method": "GET",
        "url": {
          "raw": "{{baseUrl}}/jobs",
          "host": [
            "{{baseUrl}}"
          ],
          "path": [
            "jobs"
          ]
        }
      }
    }
  ],
  "variable": [
    {
      "key": "baseUrl",
      "value": "http://<IP_DEL_DROPLET>:8000"
    },
    {
      "key": "job_id",
      "value": ""
    }
  ]
}