CUENTA;FECHA VISITA;EFECTIVA
388284259;2/05/2024;0
569990582;2/05/2024;0
190656991;2/05/2024;0
479859170;3/05/2024;0
436627410;3/05/2024;0
479857506;3/05/2024;0
435765350;3/05/2024;0
435805783;3/05/2024;0
231477108;3/05/2024;0
193367013;3/05/2024;0
206353509;3/05/2024;0
206607463;4/05/2024;0
208450733;8/05/2024;0
301284600;8/05/2024;0
201011493;9/05/2024;0
202618503;10/05/2024;0
534587118;6/05/2024;0
333144406;6/05/2024;0
262920289;7/05/2024;0
252108634;7/05/2024;0
237870111;7/05/2024;0
226459652;7/05/2024;0
511665212;7/05/2024;0
523913239;7/05/2024;0
572514834;7/05/2024;0
227050210;8/05/2024;0
252294424;8/05/2024;0
226010775;8/05/2024;0
544588742;9/05/2024;0
227168202;9/05/2024;0
226694867;9/05/2024;0
575176341;9/05/2024;0
546622291;10/05/2024;0
205754595;11/05/2024;0
209553700;14/05/2024;1
213297546;14/05/2024;1
191195734;16/05/2024;1
224857338;16/05/2024;1
254220701;17/05/2024;1
208827643;20/05/2024;1
208819338;20/05/2024;1
381544671;15/05/2024;0
511781709;15/05/2024;0
190605649;24/05/2024;0
505131321;23/05/2024;0
199843496;23/01/2024;1
228662394;21/05/2024;0
228351347;21/05/2024;0
239120915;22/05/2024;0
477361060;25/01/2024;1
527072339;20/05/2024;0
209314467;27/05/2024;0
190320291;30/05/2024;0
577243958;30/05/2024;0
577242171;30/05/2024;0
379046605;31/05/2024;0
554887003;31/05/2024;0
475867869;4/06/2024;0
404927662;4/06/2024;0
192471108;5/06/2024;0
472627982;5/06/2024;0
379046605;6/06/2024;0
472627982;6/06/2024;0
379047492;7/06/2024;0
202822304;8/06/2024;0
529084680;8/06/2024;0
515421690;5/06/2024;0
529084680;11/06/2024;0
190498617;12/06/2024;0
404985432;12/06/2024;0
480092637;12/06/2024;0
193377992;13/06/2024;0
199919228;14/06/2024;0
513560358;14/06/2024;0
570390556;14/06/2024;0
514364901;14/06/2024;0
540075991;14/06/2024;0
449387077;17/06/2024;0
472627982;18/06/2024;0
191020759;19/06/2024;0
210687068;19/06/2024;0
200247577;20/06/2024;0
525205193;22/06/2024;0
527157263;21/06/2024;0
555017333;24/06/2024;0
194879320;24/06/2024;0
549412555;24/06/2024;0
404985432;25/06/2024;0
217042168;3/07/2024;0
216797128;3/07/2024;0
263067120;2/07/2024;0
516222702;3/07/2024;0
546622291;3/07/2024;0
200676565;3/07/2024;0
200078447;3/07/2024;0
209314467;4/07/2024;0
427226697;4/07/2024;0
219882878;5/07/2024;0
193416538;8/07/2024;0
248399883;9/07/2024;0
579657811;9/07/2024;0
203022957;9/07/2024;0
193684801;12/07/2024;0
197179548;12/07/2024;0
248784157;12/07/2024;0
272084515;13/07/2024;0
494385863;16/07/2024;0
279064050;17/07/2024;0
358604794;18/07/2024;0
206607463;19/07/2024;0
218298808;23/07/2024;0
218245992;22/07/2024;0
190337639;22/07/2024;0
196586275;22/07/2024;0
202618503;23/07/2024;0
231165284;23/07/2024;0
231164507;23/07/2024;0
190334398;25/07/2024;0
554887003;25/07/2024;0
194979197;26/07/2024;0
230458298;26/07/2024;0
196840388;26/07/2024;0
216757532;26/07/2024;0
532289683;26/07/2024;0
371044909;26/07/2024;0
476874346;1/04/2024;1
561515815;1/04/2024;1
407429078;2/04/2024;1
263085304;2/04/2024;1
501177093;1/08/2024;0
268181518;1/08/2024;0
217858035;1/08/2024;0
257170166;1/08/2024;0
268199743;1/08/2024;0
214472376;1/08/2024;0
529221429;1/08/2024;0
194321694;1/08/2024;0
207329433;1/08/2024;0
531053791;1/08/2024;0
520509137;1/08/2024;0
231679206;1/08/2024;0
468585572;1/08/2024;0
539672676;1/08/2024;0
539675917;1/08/2024;0
533276212;1/08/2024;0
541045123;1/08/2024;0
192471108;1/08/2024;0
190984535;1/08/2024;0
215878075;1/08/2024;0
192045361;1/08/2024;0
234743311;1/08/2024;0
217209675;1/08/2024;0
206705666;1/08/2024;0
216527291;1/08/2024;0
263085304;1/08/2024;0
216209716;1/08/2024;0
209163511;3/04/2024;1
468585572;3/04/2024;1
220211752;2/08/2024;0
468149056;3/04/2024;1
216577756;5/08/2024;0
217209675;4/04/2024;1
214121633;5/08/2024;0
268199743;4/04/2024;1
230157010;1/04/2024;0
191476164;1/04/2024;0
214293377;1/04/2024;0
540319176;1/04/2024;0
521323618;1/04/2024;0
196856949;1/04/2024;0
539148726;1/04/2024;0
191340998;4/04/2024;1
197690178;2/04/2024;0
486821287;4/04/2024;1
255492151;2/04/2024;0
417706917;2/04/2024;0
529221429;5/04/2024;1
501177093;5/04/2024;1
268181518;5/04/2024;1
234743311;8/04/2024;1
494462531;9/04/2024;1
251928839;4/04/2024;0
210726604;10/04/2024;1
315064601;11/04/2024;1
307477030;11/04/2024;1
486554954;2/04/2024;0
531992673;3/04/2024;0
504443306;3/04/2024;0
487499647;4/04/2024;0
551013699;4/04/2024;0
227915602;11/04/2024;1
234984318;8/04/2024;0
270312221;8/04/2024;0
217556080;11/04/2024;1
474506308;10/04/2024;0
474488487;10/04/2024;0
365225241;11/04/2024;0
478140760;12/04/2024;0
536717247;12/04/2024;0
203976613;12/04/2024;1
575741401;12/04/2024;1
228066730;9/04/2024;0
255396412;12/04/2024;1
258487854;12/04/2024;1
349524987;13/04/2024;1
473316894;16/04/2024;1
191392017;16/04/2024;1
525000654;19/04/2024;1
251928839;22/04/2024;1
265198209;23/04/2024;1
191384702;23/04/2024;1
567845357;23/04/2024;1
235239178;15/04/2024;0
206621519;15/04/2024;0
316444960;15/04/2024;0
196804910;15/04/2024;0
202052715;15/04/2024;0
490819087;15/04/2024;0
199843496;15/04/2024;0
475604550;15/04/2024;0
498581885;15/04/2024;0
215752778;15/04/2024;0
270312221;15/04/2024;0
239713179;15/04/2024;0
213655444;15/04/2024;0
196750490;15/04/2024;0
256218996;16/04/2024;0
232297281;16/04/2024;0
278897475;16/04/2024;0
389064736;16/04/2024;0
196948401;16/04/2024;0
234984318;16/04/2024;0
196824768;16/04/2024;0
561517489;16/04/2024;0
501063229;16/04/2024;0
220585484;24/04/2024;1
262972308;16/04/2024;0
252994973;16/04/2024;0
231869951;16/04/2024;0
196162241;16/04/2024;0
570613006;24/04/2024;1
481255875;16/04/2024;0
218928034;16/04/2024;0
202486718;16/04/2024;0
298344338;16/04/2024;0
466555047;16/04/2024;0
467104606;16/04/2024;0
230488905;16/04/2024;0
192436427;16/04/2024;0
215875624;16/04/2024;0
217260976;16/04/2024;0
209753324;17/04/2024;0
230564706;17/04/2024;0
256218996;17/04/2024;0
202543548;17/04/2024;0
220276001;17/04/2024;0
220410509;17/04/2024;0
263687650;17/04/2024;0
202582357;17/04/2024;0
231764289;17/04/2024;0
220747086;17/04/2024;0
248818739;17/04/2024;0
248812047;17/04/2024;0
202263005;17/04/2024;0
265123081;17/04/2024;0
536717247;18/04/2024;0
577243958;18/04/2024;0
577242171;18/04/2024;0
193381179;18/04/2024;0
193873789;18/04/2024;0
201056994;18/04/2024;0
272533198;18/04/2024;0
213811354;18/04/2024;0
199938299;18/04/2024;0
235611122;18/04/2024;0
507924917;18/04/2024;0
219069293;18/04/2024;0
532217706;18/04/2024;0
557048645;18/04/2024;0
213536616;18/04/2024;0
262959039;18/04/2024;0
216833423;18/04/2024;0
196848634;18/04/2024;0
192008116;24/04/2024;1
230476472;19/04/2024;0
263640595;19/04/2024;0
196721550;19/04/2024;0
514927348;19/04/2024;0
214314739;19/04/2024;0
532289683;19/04/2024;0
207153834;19/04/2024;0
192049599;19/04/2024;0
195358739;25/04/2024;1
231632131;25/04/2024;1
379047492;22/04/2024;0
472627982;22/04/2024;0
506838208;23/04/2024;0
517160816;23/04/2024;0
524293821;25/04/2024;1
214255245;26/04/2024;1
484623409;26/04/2024;1
260725752;26/04/2024;1
257706227;26/04/2024;1
209644475;29/04/2024;1
230308966;29/04/2024;1
418365375;24/04/2024;0
264611504;25/04/2024;0
323085165;29/04/2024;1
199657869;25/04/2024;0
281045504;29/04/2024;1
196025139;30/04/2024;1
202631872;25/04/2024;0
229702676;25/04/2024;0
569812107;25/04/2024;0
328964288;25/04/2024;0
206578796;30/04/2024;1
425545131;25/04/2024;0
198847665;30/04/2024;1
474587367;2/05/2024;1
534106001;2/05/2024;1
339847610;3/05/2024;1
575885982;27/04/2024;0
536717247;29/04/2024;0
212903957;7/05/2024;1
257706227;29/04/2024;0
480938068;7/05/2024;1
231632131;29/04/2024;0
217843251;29/04/2024;0
193104704;29/04/2024;0
213125802;7/05/2024;1
190707070;7/05/2024;1
540389489;7/05/2024;1
205945927;30/04/2024;0
577323977;30/04/2024;0
576301606;30/04/2024;0
270339548;30/04/2024;0
220601931;30/04/2024;0
263783399;7/05/2024;1
475130124;7/05/2024;1
226168353;7/05/2024;1
290705345;7/05/2024;1
233024952;8/05/2024;1
231932522;8/05/2024;1
226017244;8/05/2024;1
521461407;8/05/2024;1
562169309;8/05/2024;1
227191450;8/05/2024;1
227289604;8/05/2024;1
225622031;8/05/2024;1
239030027;9/05/2024;1
301284600;9/05/2024;1
202683901;9/05/2024;1
196755305;9/05/2024;1
268518832;9/05/2024;1
227463798;9/05/2024;1
558720949;9/05/2024;1
500996401;9/05/2024;1
527394132;9/05/2024;1
511051533;5/03/2024;1
247061560;9/05/2024;1
226494333;9/05/2024;1
500525163;10/05/2024;1
227193014;10/05/2024;1
225897883;10/05/2024;1
547070369;10/05/2024;1
539364070;10/05/2024;1
257048938;10/05/2024;1
225796239;10/05/2024;1
452146434;10/05/2024;1
206664556;10/05/2024;1
190320291;17/05/2024;1
271249509;20/05/2024;1
221525909;20/05/2024;1
271143050;21/05/2024;1
499775517;21/05/2024;1
543823935;21/05/2024;1
529267707;22/05/2024;1
267758103;22/05/2024;1
256052266;22/05/2024;1
477716568;22/05/2024;1
214895513;22/05/2024;1
210617755;22/05/2024;1
210627624;22/05/2024;1
197179548;23/05/2024;1
287404803;23/05/2024;1
221392437;23/05/2024;1
260492423;24/05/2024;1
492135966;24/05/2024;1
494196995;24/05/2024;1
212685202;24/05/2024;1
210145993;24/05/2024;1
190911881;24/05/2024;1
211186215;24/05/2024;1
205560602;24/05/2024;1
537147131;12/02/2024;0
208711215;27/05/2024;1
231339319;28/05/2024;1
232051379;28/05/2024;1
192933001;28/05/2024;1
233890343;30/05/2024;1
486889977;8/02/2024;1
547844186;10/02/2024;1
338204142;10/02/2024;1
216712031;31/05/2024;1
481061092;31/05/2024;1
389064736;12/02/2024;1
190678303;31/05/2024;1
501544183;31/05/2024;1
195532723;31/05/2024;1
258955498;4/06/2024;1
309104803;5/06/2024;1
191541209;5/06/2024;1
261097039;5/06/2024;1
466285473;6/06/2024;1
466569144;6/06/2024;1
483098096;6/06/2024;1
268476945;15/02/2024;0
468406400;6/06/2024;1
252342162;15/02/2024;1
524347251;14/02/2024;1
524347251;14/02/2024;0
430945661;7/06/2024;1
193800025;7/06/2024;1
481505601;7/06/2024;1
206382449;7/06/2024;1
201704404;7/06/2024;1
190498617;11/06/2024;1
190662732;19/02/2024;0
194951093;11/06/2024;1
193384510;11/06/2024;1
192276499;20/02/2024;1
199148852;12/06/2024;1
206892233;12/06/2024;1
198969834;13/06/2024;1
199919228;13/06/2024;1
497415084;13/06/2024;1
208088558;14/06/2024;1
519120038;23/02/2024;1
202843939;26/02/2024;0
220311519;14/06/2024;1
251068352;14/06/2024;1
190984535;14/06/2024;1
264162931;17/06/2024;1
475616993;17/06/2024;1
534381902;17/06/2024;1
527918760;17/06/2024;1
250323393;27/02/2024;1
205790953;27/02/2024;0
207971324;17/06/2024;1
206223025;17/06/2024;1
227411669;18/06/2024;1
226350752;18/06/2024;1
322104104;18/06/2024;1
259990028;28/02/2024;0
505656909;18/06/2024;1
226170976;18/06/2024;1
254962400;19/06/2024;1
247468297;19/06/2024;1
226092511;19/06/2024;1
225278130;19/06/2024;1
225716057;19/06/2024;1
199577840;19/06/2024;1
203620075;19/06/2024;1
237874349;20/06/2024;1
234314323;20/06/2024;1
250550193;20/06/2024;1
215752778;3/01/2024;1
494949187;21/06/2024;1
213655444;3/01/2024;1
270312221;3/01/2024;1
437005285;21/06/2024;1
440125354;21/06/2024;1
576324805;21/06/2024;1
227370459;21/06/2024;1
226993471;21/06/2024;1
386344612;25/06/2024;1
498581885;5/01/2024;1
269166534;26/06/2024;1
230280025;26/06/2024;1
270034242;26/06/2024;1
193065068;26/06/2024;1
523314334;27/06/2024;1
214471599;27/06/2024;1
475604550;5/01/2024;1
190207155;27/06/2024;1
194979197;27/06/2024;1
544363565;2/07/2024;1
196591239;2/07/2024;1
376744923;2/07/2024;1
497415084;2/07/2024;1
540568388;3/07/2024;1
313024207;3/07/2024;1
196948401;9/01/2024;1
571144544;4/07/2024;1
197425246;4/07/2024;1
298525701;4/07/2024;1
217705362;10/01/2024;1
257170166;10/01/2024;1
538132206;4/07/2024;1
249587723;5/07/2024;1
216959720;5/07/2024;1
510736290;5/07/2024;1
216527291;10/01/2024;1
237694563;10/01/2024;1
201891981;5/07/2024;1
272533198;11/01/2024;1
208126317;5/07/2024;1
467104606;11/01/2024;1
316444960;11/01/2024;1
230453383;11/01/2024;1
233184153;10/01/2024;0
214314739;11/01/2024;1
192436427;12/01/2024;1
235239178;12/01/2024;1
194790278;8/07/2024;1
215875624;12/01/2024;1
206621519;12/01/2024;1
323787278;8/07/2024;1
370567064;8/07/2024;1
198831004;8/07/2024;1
269941197;9/07/2024;1
216757532;9/07/2024;1
196840388;9/07/2024;1
492841256;10/07/2024;1
514927348;16/01/2024;1
216063834;10/07/2024;1
202756392;10/07/2024;1
215653798;10/07/2024;1
258394615;10/07/2024;1
536853572;10/07/2024;1
193084129;10/07/2024;1
263511898;16/01/2024;1
263434310;10/07/2024;1
235254001;11/07/2024;1
522085084;11/07/2024;1
194496679;12/07/2024;1
192956190;17/01/2024;1
215962271;17/01/2024;1
231652989;12/07/2024;1
454785733;12/07/2024;1
341104849;12/07/2024;1
216055429;18/01/2024;1
209157770;19/01/2024;1
298344338;19/01/2024;1
196848634;19/01/2024;1
523147778;16/07/2024;1
250998293;16/07/2024;1
256025890;16/07/2024;1
530454877;17/07/2024;1
503319655;17/07/2024;1
203840447;17/07/2024;1
482646790;17/07/2024;1
379167007;17/07/2024;1
196721550;22/01/2024;1
250249066;17/07/2024;1
196783558;23/01/2024;1
272132253;18/07/2024;1
537405372;18/07/2024;1
400742355;18/07/2024;1
507140221;18/07/2024;1
506972969;18/07/2024;1
272373250;18/07/2024;1
291389556;18/07/2024;1
206165318;18/07/2024;1
195442935;10/01/2024;0
477404834;24/01/2024;1
251443857;18/07/2024;1
498450614;24/01/2024;1
192045361;25/01/2024;1
227057799;18/07/2024;1
207646121;25/01/2024;1
193412400;18/07/2024;1
537284243;19/07/2024;1
253835308;23/07/2024;1
218498422;23/07/2024;1
518450297;23/07/2024;1
197662015;24/07/2024;1
269938797;24/07/2024;1
190232967;24/07/2024;1
193048661;24/07/2024;1
230071309;24/07/2024;1
554215444;25/07/2024;1
191398709;25/07/2024;1
572354906;26/07/2024;1
232770889;26/07/2024;1
580766426;26/07/2024;1
238292700;29/07/2024;1
238292700;29/07/2024;1
193264905;30/07/2024;1
254027646;30/07/2024;1
251493312;31/07/2024;1
209352499;31/07/2024;1
483691209;2/08/2024;1
541056889;2/08/2024;1
480619606;2/08/2024;1
220378422;2/08/2024;1
197179548;21/12/2023;0
216981191;6/12/2023;0
252769537;6/12/2023;0
489709695;7/12/2023;0
196424600;21/12/2023;0
505552004;21/12/2023;0
194283825;21/12/2023;0
195984000;21/12/2023;0
193317558;5/12/2023;0
200849813;5/12/2023;0
192370564;5/12/2023;0
219941262;5/12/2023;0
192368941;5/12/2023;0
246619184;3/10/2023;1
202352106;20/10/2023;1
549412555;31/10/2023;1
489927403;6/10/2023;1
288405449;17/10/2023;1
361224948;25/10/2023;1
521542103;25/10/2023;1
524347251;26/10/2023;1
539715340;24/10/2023;1
271220628;31/10/2023;1
224524989;24/10/2023;1
327477624;31/10/2023;1
197179548;2/12/2023;1
481255875;6/10/2023;1
195318143;6/10/2023;1
220477402;2/10/2023;1
192427335;9/10/2023;1
270456702;23/10/2023;1
386344612;12/10/2023;1
522257555;12/10/2023;1
482640008;19/12/2023;1
194110304;4/12/2023;0
257361608;5/12/2023;0
519431185;12/12/2023;0
232829214;12/12/2023;0
238488147;18/12/2023;0
196970862;12/10/2023;1
194294581;18/12/2023;1
534607703;21/12/2023;1
258508116;6/12/2023;0
198579555;6/12/2023;0
250332485;4/12/2023;0
246249743;4/12/2023;0
467457803;4/12/2023;0
482640008;7/12/2023;0
407005844;18/12/2023;0
300708512;18/12/2023;0
196788463;18/12/2023;0
201406687;11/12/2023;0
246039240;19/10/2023;1
415065217;4/12/2023;0
195984000;9/10/2023;1
191334247;20/10/2023;1
500210098;1/12/2023;0
217320147;6/10/2023;1
231924217;27/10/2023;1
194304297;17/10/2023;1
208732840;12/10/2023;1
193048661;2/12/2023;1
214030968;31/10/2023;1
198666002;23/10/2023;1
405925957;21/10/2023;1
279025141;27/10/2023;1
190506669;19/12/2023;0
246619184;7/12/2023;0
203231673;25/10/2023;1
198217266;20/10/2023;1
532217706;18/12/2023;1
193873789;2/12/2023;0
283684903;26/10/2023;1
192462016;4/10/2023;1
213178718;24/10/2023;1
216296426;31/10/2023;1
219578200;4/12/2023;1
205735424;13/10/2023;1
505872243;3/11/2023;1
192463803;4/10/2023;1
259541192;26/10/2023;1
572711017;10/10/2023;1
248812047;19/12/2023;1
231354252;19/12/2023;1
214110987;19/12/2023;1
252098928;23/10/2023;1
511665212;12/12/2023;1
519697735;2/12/2023;0
192491956;4/10/2023;1
195149013;18/10/2023;1
199737888;5/12/2023;0
540319176;23/10/2023;1
261240629;27/10/2023;1
501627443;31/10/2023;1
218696392;17/10/2023;1
198714830;18/10/2023;1
507412569;11/10/2023;1
268196302;26/10/2023;1
192410997;9/10/2023;1
561517489;6/12/2023;1
521311185;12/10/2023;1
192049599;5/12/2023;0
196594680;8/11/2023;1
195738049;4/10/2023;1
195984000;21/12/2023;0
192491956;5/12/2023;0
196390928;5/12/2023;0
420145508;20/12/2023;0
194283825;21/12/2023;0
220490781;21/12/2023;0
361224948;21/12/2023;0
199510937;21/12/2023;0
192463803;21/12/2023;0
194304297;21/12/2023;0
231470639;21/12/2023;0
234966034;21/12/2023;0
279025141;21/12/2023;0
237772918;21/12/2023;0
231924217;21/12/2023;0
386344612;21/12/2023;0
198217266;21/12/2023;0
194183068;21/12/2023;0
272067018;21/12/2023;0
194314166;21/12/2023;0
252098928;21/12/2023;0
208732840;21/12/2023;0
204964139;21/12/2023;0
192410997;21/12/2023;0
218696392;21/12/2023;0
192519797;18/12/2023;0
575176341;11/12/2023;1
237772918;19/10/2023;1
420145508;25/10/2023;1
328764654;18/10/2023;1
190550432;21/12/2023;1
192368941;5/10/2023;1
249585169;11/10/2023;1
194322471;13/10/2023;1
237175587;17/11/2023;1
192370564;5/10/2023;1
202486718;11/10/2023;1
420165356;25/10/2023;1
191476164;23/10/2023;1
489709695;4/10/2023;1
252108634;12/12/2023;1
255492151;6/12/2023;1
198158872;6/10/2023;1
222931857;13/12/2023;1
207925997;15/12/2023;1
193381179;2/12/2023;1
202263005;4/12/2023;1
190551219;21/12/2023;1
481255875;17/11/2023;1
257439004;27/10/2023;1
492830500;24/11/2023;1
197721409;9/10/2023;1
213975683;2/10/2023;1
268476945;12/10/2023;1
523913239;11/12/2023;1
501063229;6/12/2023;1
193521269;12/12/2023;1
201501439;9/10/2023;1
220410509;13/12/2023;1
521327746;12/10/2023;1
507540389;19/12/2023;1
231869951;24/11/2023;1
197690178;26/10/2023;1
202578170;8/11/2023;1
537147131;27/11/2023;1
217930708;31/10/2023;1
412865866;10/11/2023;1
458806711;27/10/2023;1
427848781;27/11/2023;1
200849813;5/10/2023;1
526132651;27/11/2023;1
218928034;11/10/2023;1
216094338;31/10/2023;1
214293377;18/11/2023;1
218450580;9/11/2023;1
508718401;23/11/2023;1
217843251;2/11/2023;1
521630437;6/12/2023;1
194283825;8/11/2023;1
268069269;14/11/2023;1
544660405;4/12/2023;0
478112607;12/12/2023;0
202618503;14/12/2023;0
193407446;4/12/2023;0
232894612;3/11/2023;1
194409969;5/12/2023;1
220490781;3/11/2023;1
505552004;4/10/2023;1
417825745;2/11/2023;1
194314166;3/11/2023;1
481865426;4/12/2023;1
219354800;18/12/2023;0
200915735;6/12/2023;0
193375328;2/12/2023;0
282285673;17/11/2023;1
203870164;3/10/2023;1
194138408;21/11/2023;1
202582357;1/12/2023;1
204040090;21/11/2023;1
204964139;20/10/2023;1
202543548;7/12/2023;0
208359009;2/12/2023;0
198247983;5/12/2023;0
514364901;6/12/2023;0
190325106;7/12/2023;0
554887003;7/12/2023;0
251493312;13/12/2023;0
569812107;15/12/2023;0
575343907;20/12/2023;0
218738389;20/12/2023;0
215556272;1/11/2023;1
559589741;1/11/2023;0
239462566;1/11/2023;0
513206315;1/11/2023;0
219882878;1/11/2023;0
193283976;4/10/2023;1
233536200;18/10/2023;1
191069488;4/11/2023;1
424768005;3/11/2023;1
223578613;13/12/2023;1
204783576;20/11/2023;1
520509137;20/11/2023;1
268557641;2/11/2023;0
191187429;2/11/2023;0
544364342;2/11/2023;0
544363565;2/11/2023;0
520323769;2/11/2023;0
207153834;15/12/2023;1
194613670;3/11/2023;1
209753324;4/12/2023;1
501907096;15/12/2023;1
417706917;24/11/2023;1
238101005;9/11/2023;1
560053173;1/11/2023;1
572362201;1/11/2023;1
193873789;5/12/2023;1
483282059;1/11/2023;1
199510937;1/11/2023;1
190938108;7/11/2023;0
449465422;7/11/2023;0
518201985;7/11/2023;0
233026416;7/11/2023;0
194982597;7/11/2023;0
224470559;9/11/2023;1
259277200;15/12/2023;1
415245003;3/11/2023;1
388284259;11/12/2023;1
530415968;8/11/2023;0
262920289;11/12/2023;1
385445207;14/11/2023;1
314504223;9/11/2023;0
217711103;9/11/2023;0
207498726;29/11/2023;1
190834203;4/11/2023;1
230488905;29/11/2023;1
530862230;2/11/2023;1
210165731;14/12/2023;1
531905863;10/11/2023;0
530490235;10/11/2023;0
216981191;20/11/2023;1
272067018;3/11/2023;1
467262233;22/11/2023;1
196673812;22/11/2023;1
207329433;7/12/2023;1
203866987;14/11/2023;0
475120255;14/11/2023;0
216448159;9/11/2023;1
335204485;2/12/2023;1
196424600;2/11/2023;1
207504204;29/11/2023;1
259088332;30/10/2023;1
226459652;11/12/2023;1
190203027;28/11/2023;1
200911607;24/10/2023;1
248818739;4/12/2023;1
196856949;3/11/2023;1
230667804;20/12/2023;1
231900241;15/11/2023;0
190334398;15/11/2023;0
263319610;20/11/2023;1
217929962;2/11/2023;1
204038477;29/11/2023;1
531963733;6/12/2023;1
234889466;21/11/2023;1
270329679;22/11/2023;1
213969932;20/11/2023;1
470541463;6/12/2023;1
553750191;16/11/2023;0
570390556;16/11/2023;0
190636143;16/11/2023;0
214172985;16/11/2023;0
230625654;17/11/2023;1
247671111;17/11/2023;0
259106353;6/12/2023;1
268983498;17/11/2023;0
553750191;17/11/2023;0
221338795;28/11/2023;1
280604054;21/11/2023;1
202539361;18/11/2023;0
308280765;17/11/2023;1
201664081;18/11/2023;0
527927852;18/11/2023;0
230564706;6/12/2023;1
195602873;20/11/2023;1
191144592;28/11/2023;1
527987296;6/12/2023;1
228387756;28/11/2023;1
529053186;18/11/2023;1
191725103;20/11/2023;0
309915765;12/12/2023;1
217473810;15/12/2023;1
541826478;1/12/2023;1
201452014;20/11/2023;0
476407226;20/11/2023;0
253362869;30/10/2023;1
257873056;12/12/2023;1
206092927;14/12/2023;1
196390928;21/11/2023;0
206223025;28/11/2023;1
196086350;5/10/2023;1
479399841;15/11/2023;1
571472098;21/11/2023;0
231469803;24/11/2023;1
552861755;21/11/2023;0
263687650;4/12/2023;1
484998018;21/11/2023;0
255071378;21/11/2023;0
252102942;21/11/2023;0
357144506;21/11/2023;0
386024483;21/11/2023;0
490104754;1/12/2023;1
270591150;4/11/2023;1
521312962;30/11/2023;1
207668533;21/11/2023;1
527157263;22/11/2023;0
247426037;27/11/2023;1
540647510;21/11/2023;1
271840158;22/11/2023;0
260157351;22/11/2023;0
193828129;22/11/2023;0
252366038;22/11/2023;0
216582710;22/11/2023;0
198254501;22/11/2023;0
230928496;22/11/2023;0
538847539;22/11/2023;0
257432525;22/11/2023;0
534354626;14/11/2023;1
208848278;4/12/2023;1
220747086;2/12/2023;1
265123081;23/11/2023;0
190674275;23/11/2023;0
192436427;6/10/2023;1
214172985;16/11/2023;1
323344283;24/11/2023;1
466601211;23/11/2023;0
278946990;23/11/2023;0
220324839;21/11/2023;1
322544858;11/12/2023;1
232999394;24/11/2023;0
201474426;24/11/2023;0
198396428;4/12/2023;1
236869426;24/11/2023;0
206155449;25/11/2023;0
192932214;25/11/2023;0
190695700;25/11/2023;0
190960569;25/11/2023;0
190693236;25/11/2023;0
473779727;27/11/2023;1
453307108;23/11/2023;1
254414684;22/11/2023;1
262972308;14/11/2023;1
196162241;14/12/2023;1
245976609;27/11/2023;0
253609295;27/11/2023;0
205103561;29/11/2023;1
547555341;14/12/2023;1
198373339;27/11/2023;0
190963900;27/11/2023;0
267592473;27/11/2023;0
193675619;28/11/2023;0
196601945;29/11/2023;0
268231810;2/10/2023;1
465067706;5/12/2023;1
234082681;13/12/2023;1
191995040;7/11/2023;1
200143682;18/11/2023;1
197855011;20/11/2023;1
544616632;1/12/2023;1
263632280;7/11/2023;1
210750639;13/12/2023;1
576374360;30/11/2023;0
506373064;30/11/2023;0
467586400;30/11/2023;0
344765309;12/12/2023;1
217711103;18/12/2023;1
235261539;1/11/2023;1
228481821;28/11/2023;0
494719836;5/12/2023;1
252769537;20/11/2023;1
224808650;22/11/2023;1
527228190;17/11/2023;1
264138906;30/11/2023;1
216981191;18/12/2023;1
554042296;12/12/2023;1
257836701;28/11/2023;1
534786965;20/11/2023;1
194183068;7/11/2023;1
192060204;15/11/2023;0
202507080;15/11/2023;0
231404554;20/11/2023;1
196621793;17/11/2023;0
542933712;1/12/2023;1
194901528;14/11/2023;1
467097231;22/11/2023;0
257443281;3/11/2023;1
222439298;29/11/2023;1
206153985;25/11/2023;0
536755279;4/12/2023;1
228478421;28/11/2023;1
194917199;14/11/2023;1
205046631;29/11/2023;1
356989464;24/11/2023;1
195498192;4/12/2023;1
228334940;28/11/2023;1
233291448;16/11/2023;1
256554745;9/11/2023;1
204364457;29/11/2023;1
205163905;29/11/2023;1
259990028;28/11/2023;1
211611912;13/12/2023;1
247351082;17/11/2023;1
511859105;7/11/2023;1
510227283;19/12/2023;1
255177827;14/12/2023;1
231414423;2/12/2023;1
194291130;3/11/2023;1
515580904;19/12/2023;1
557048645;7/11/2023;1
234867054;30/11/2023;1
468186201;23/11/2023;1
225798803;12/12/2023;1
216068749;16/11/2023;1
258865500;18/12/2023;1
192263279;9/11/2023;1
508706968;17/11/2023;1
236953622;1/11/2023;1
227889386;15/12/2023;1
211557433;15/12/2023;1
315604949;14/11/2023;1
190918350;24/11/2023;1
224573667;19/12/2023;1
521147960;28/11/2023;1
252769537;18/12/2023;1
536266000;19/12/2023;1
231764289;4/12/2023;1
195442935;22/11/2023;1
213443587;30/11/2023;1
210629298;13/12/2023;1
575552523;20/12/2023;1
230157010;19/10/2023;1
193317558;6/10/2023;1
201664081;10/10/2023;1
234966034;17/10/2023;1
220276001;5/12/2023;1
571199914;6/12/2023;1
532289683;6/12/2023;1
237870111;12/12/2023;1
237373647;4/12/2023;1
361562261;7/12/2023;1
193648343;20/11/2023;1
206919397;21/11/2023;1
490418142;22/11/2023;1
258865500;23/11/2023;1
558067565;23/11/2023;1
190202240;23/11/2023;1
202539361;24/11/2023;1
311484081;30/11/2023;1
466601211;30/11/2023;1
228662394;28/11/2023;1
190918350;24/11/2023;1
196390928;3/10/2023;1
542662261;5/10/2023;1
219941262;5/10/2023;1
536328845;9/10/2023;1
389089499;20/10/2023;1
216648683;21/10/2023;1
246619184;2/10/2023;1
195984000;9/10/2023;1
197721409;10/10/2023;1
219941262;11/10/2023;1
191476164;20/10/2023;1
217736866;26/10/2023;1
309865463;13/10/2023;1
529084680;11/06/2024;0
404985432;12/06/2024;0
198248760;12/07/2024;0
198472319;5/08/2024;1
214290926;5/08/2024;1
206705666;1/08/2024;0
198472319;5/08/2024;0
271617386;6/08/2024;0
205680217;6/08/2024;1
501180493;6/08/2024;1
232944914;8/08/2024;1
488257712;8/08/2024;1
478470878;8/08/2024;0
226694867;9/08/2024;0
227168202;9/08/2024;0
539364070;9/08/2024;0
194853890;9/08/2024;1
228481821;12/08/2024;0
217840800;12/08/2024;0
416685606;13/08/2024;1
503493902;13/08/2024;1
192276499;13/08/2024;1
508170807;13/08/2024;0
252342162;13/08/2024;1
426286172;14/08/2024;1
196603509;14/08/2024;0
568348732;14/08/2024;0
526729933;14/08/2024;1
535386766;14/08/2024;1
449387077;15/08/2024;0
190530694;15/08/2024;1
449387077;15/08/2024;0
192210363;15/08/2024;1
230734603;15/08/2024;1
561303958;16/08/2024;0
207353468;16/08/2024;0
195206843;16/08/2024;0
284364713;17/08/2024;1
199265016;17/08/2024;1
190804596;15/08/2024;0
549412555;16/08/2024;0
223152025;20/08/2024;1
572155059;20/08/2024;1
233356524;20/08/2024;1
209637847;20/08/2024;0
490464589;21/08/2024;1
344765309;21/08/2024;1
314004308;22/08/2024;0
501105116;22/08/2024;0
307913493;21/08/2024;1
308043996;21/08/2024;1
226982715;22/08/2024;1
377944406;22/08/2024;1
207108284;23/08/2024;0
260787750;22/08/2024;1
363825115;23/08/2024;0
202618503;23/08/2024;0
234097465;23/08/2024;0
569812107;23/08/2024;0
526098910;23/08/2024;0
574280436;22/08/2024;1
574296007;22/08/2024;1
228061825;23/08/2024;1
222674403;23/08/2024;1
264453230;22/08/2024;0
338784249;23/08/2024;0
203392651;24/08/2024;1
559358713;23/08/2024;0
190487961;25/08/2024;0
251928839;26/08/2024;0
536328845;26/08/2024;1
521311185;27/08/2024;0
481255875;27/08/2024;0
198158872;27/08/2024;0
257439004;27/08/2024;0
386344612;27/08/2024;0
569990582;27/08/2024;0
220477402;27/08/2024;0
238725653;27/08/2024;1
404985432;28/08/2024;0
270456702;27/08/2024;0
202352106;27/08/2024;0
507412569;27/08/2024;0
205735424;27/08/2024;0
271220628;27/08/2024;0
283684903;27/08/2024;0
515421690;28/08/2024;0
192436427;27/08/2024;0
191334247;27/08/2024;0
253818901;28/08/2024;0
195738049;29/08/2024;0
361224948;29/08/2024;0
489709695;29/08/2024;0
196390928;29/08/2024;0
195318143;29/08/2024;0
407705393;30/08/2024;1
197863426;30/08/2024;1
209763203;30/08/2024;1
220211752;2/09/2024;0
256312061;2/09/2024;0
197066461;2/09/2024;1
213667987;3/09/2024;1
249587723;3/09/2024;0
287133352;3/09/2024;1
216757532;3/09/2024;1
199581027;4/09/2024;1
196840388;3/09/2024;0
197425246;3/09/2024;0
232770889;3/09/2024;0
246619184;5/09/2024;0
361562261;5/09/2024;0
268231810;5/09/2024;0
468366087;5/09/2024;0
217634535;5/09/2024;0
572354906;6/09/2024;0
291225127;5/09/2024;0
197435115;6/09/2024;1
201553568;6/09/2024;1
194392784;6/09/2024;0
195358739;9/09/2024;0
200690611;9/09/2024;0
230421002;9/09/2024;1
251864530;9/09/2024;1
195293653;10/09/2024;0
201108850;10/09/2024;0
230734603;10/09/2024;0
476563209;10/09/2024;0
219013036;10/09/2024;1
239427885;11/09/2024;0
190498617;11/09/2024;0
504279181;11/09/2024;0
248695946;11/09/2024;1
262665399;12/09/2024;0
203644041;11/09/2024;1
194931245;11/09/2024;0
507472903;11/09/2024;0
195296904;11/09/2024;0
475604550;11/09/2024;0
485449374;12/09/2024;1
282165068;12/09/2024;1
190410189;12/09/2024;0
232495241;12/09/2024;0
349684188;12/09/2024;1
293464478;12/09/2024;1
293464478;13/09/2024;0
489927403;12/09/2024;1
450565745;13/09/2024;0
196721550;13/09/2024;0
193759866;13/09/2024;0
191501603;13/09/2024;1
491265591;13/09/2024;1
262101902;13/09/2024;0
532289683;16/09/2023;0
190636143;17/09/2023;0
576124271;17/09/2024;0
478140760;16/09/2024;0
233831796;16/09/2024;0
233831796;16/09/2024;0
202643305;16/09/2024;0
324684019;16/09/2024;0
254713198;16/09/2024;0
246521930;16/09/2024;0
206118204;16/09/2024;1
196666294;16/09/2024;1
203073209;16/09/2024;1
204005309;16/09/2024;1
213482396;17/09/2024;1
254723067;17/09/2024;0
245852976;17/09/2024;0
210238222;17/09/2024;1
220924511;17/09/2024;0
207022573;17/09/2024;0
308244307;17/09/2024;0
407205478;17/09/2024;0
217473810;18/09/2024;0
206198486;18/09/2024;0
204687837;18/09/2024;0
269771280;18/09/2024;0
217434001;18/09/2024;0
214652052;18/09/2024;0
203828955;18/09/2024;0
203756241;18/09/2024;0
213651316;18/09/2024;0
204203479;18/09/2024;0
205098760;18/09/2024;0
265315200;17/09/2024;1
223040725;19/09/2024;0
210394305;19/09/2024;0
481161859;19/09/2024;0
248078867;19/09/2024;0
227770507;19/09/2024;0
259286302;19/09/2024;0
575675489;17/09/2024;1
201317576;19/09/2024;0
211611912;19/09/2024;0
532039594;19/09/2024;0
265767487;17/09/2024;1
505873020;20/09/2024;0
224351721;20/09/2024;0
203976613;20/09/2024;0
220867691;20/09/2024;0
223557098;16/09/2024;0
201153400;16/09/2024;0
228862918;17/09/2024;1
204021029;17/09/2024;0
253504513;17/09/2024;0
262341122;17/09/2024;0
203851103;17/09/2024;0
479772682;17/09/2024;0
207504204;18/09/2024;0
222059888;18/09/2024;0
211301752;18/09/2024;0
250818244;18/09/2024;0
205089678;18/09/2024;1
210726604;19/09/2024;0
255438409;18/09/2024;1
533651617;19/09/2024;1
254714975;16/09/2024;0
259277200;16/09/2024;0
203139162;19/09/2024;1
259400052;17/09/2024;0
228514626;17/09/2024;0
200418261;17/09/2024;0
191049630;17/09/2024;0
217556080;18/09/2024;0
190921750;18/09/2024;0
227915602;18/09/2024;0
287404803;18/09/2024;0
229235719;18/09/2024;0
309384609;19/09/2024;0
228439612;19/09/2024;0
499775517;19/09/2024;0
259765692;16/09/2024;0
203912151;16/09/2024;0
542841260;16/09/2024;0
222439298;18/09/2024;0
207925997;18/09/2024;0
207498726;18/09/2024;0
205046631;18/09/2024;0
204038477;18/09/2024;0
204364457;18/09/2024;0
249126454;19/09/2024;0
255177827;19/09/2024;0
210416444;19/09/2024;0
237525170;19/09/2024;1
505131321;19/09/2024;1
208140473;17/09/2024;0
529084680;20/09/2024;1
526098910;20/09/2024;0
191377184;23/09/2024;0
191204763;23/09/2024;0
191385499;23/09/2024;1
313504374;23/09/2024;0
579658608;23/09/2024;0
251854661;23/09/2024;1
190570280;23/09/2024;0
190586841;23/09/2024;0
190653640;23/09/2024;0
190801145;23/09/2024;0
190822770;23/09/2024;0
190970438;23/09/2024;0
247782634;24/09/2024;1
191547991;24/09/2024;1
191447224;24/09/2024;0
190999319;24/09/2024;0
479399841;24/09/2024;1
206607463;24/09/2024;0
190972002;24/09/2024;0
191029892;24/09/2024;0
191197308;24/09/2024;0
191380584;24/09/2024;0
190755971;24/09/2024;0
190409343;24/09/2024;0
190751843;24/09/2024;0
190728605;24/09/2024;0
190710470;24/09/2024;0
190659332;24/09/2024;0
363704823;17/09/2024;0
191569303;24/09/2024;0
193756415;25/09/2024;1
196295076;25/09/2024;1
194879320;25/09/2024;1
193713588;25/09/2024;0
191602257;25/09/2024;0
191631197;25/09/2024;0
191599010;25/09/2024;0
258635259;25/09/2024;0
200915735;25/09/2024;0
191660027;25/09/2024;0
207180100;26/09/2024;0
260951975;26/09/2024;1
198298225;26/09/2024;0
192887827;26/09/2024;0
190393945;23/09/2024;0
220742171;27/09/2024;0
193640097;27/09/2024;0
197179548;27/09/2024;0
220611800;27/09/2024;0
493583974;27/09/2024;1
192553691;27/09/2024;0
192123816;27/09/2024;0
192108983;27/09/2024;0
192928037;27/09/2024;0
192946211;27/09/2024;0
193310089;27/09/2024;0
193758089;26/09/2024;0
191671783;27/09/2024;0
191676698;27/09/2024;0
193751500;25/09/2024;0
193754951;25/09/2024;0
193805930;25/09/2024;0
193750723;25/09/2024;0
193684801;25/09/2024;0
526098910;27/09/2024;0
363704823;1/10/2024;1
527755381;1/10/2024;1
371044909;1/10/2024;0
478140760;2/10/2024;0
194047733;2/10/2024;0
194744931;2/10/2024;0
197179548;2/10/2024;0
193989107;2/10/2024;0
193949511;2/10/2024;0
194866000;2/10/2024;0
194398476;2/10/2024;0
194109578;3/10/2024;0
194380241;3/10/2024;0
194234147;3/10/2024;0
193851377;3/10/2024;0
194061899;3/10/2024;0
194069145;3/10/2024;0
193910761;3/10/2024;0
543524321;4/10/2024;1
190700501;4/10/2024;0
217621215;4/10/2024;0
207353468;3/10/2024;0
525000654;3/10/2024;0
191663478;4/10/2024;1
512662820;4/10/2024;1
215532306;4/10/2024;0
227123701;7/10/2024;1
227519682;7/10/2024;1
249856610;7/10/2024;1
268100559;7/10/2024;1
320784260;7/10/2024;1
575577286;7/10/2024;0
225796239;8/10/2024;0
226752474;8/10/2024;1
500996401;8/10/2024;0
293707676;8/10/2024;1
559261356;8/10/2024;1
225403546;8/10/2024;1
263835155;8/10/2024;1
577018512;8/10/2024;1
344765309;9/10/2024;0
490464589;9/10/2024;0
495715567;10/10/2024;0
502879055;10/10/2024;0
285804153;10/10/2024;0
226494333;10/10/2024;0
257048938;10/10/2024;0
322104104;10/10/2024;0
575176341;10/10/2024;0
225662627;8/10/2024;1
479981308;9/10/2024;1
318726785;8/10/2024;0
261646479;9/10/2024;0
226168353;9/10/2024;0
527394132;9/10/2024;0
225897883;9/10/2024;0
237874349;9/10/2024;0
225622031;9/10/2024;0
349524987;10/10/2024;0
480019924;9/10/2024;1
529267707;10/10/2024;0
223633989;10/10/2024;0
547844186;10/10/2024;0
474385279;10/10/2024;1
226017244;10/10/2024;0
226092511;10/10/2024;0
437005285;10/10/2024;0
290705345;10/10/2024;0
258487854;10/10/2024;0
222721354;10/10/2024;0
202618503;11/10/2024;0
529930060;10/10/2024;1
260799293;11/10/2024;1
264184343;11/10/2024;1
210687068;11/10/2024;0
226993471;9/10/2024;0
268668164;11/10/2024;1
210795130;11/10/2024;1
210571630;10/10/2024;0
227370459;10/10/2024;0
579638850;10/10/2024;0
268071882;16/10/2024;0
502887360;11/10/2024;0
198373339;11/10/2024;0
577838676;15/10/2024;0
218958751;15/10/2024;0
195315702;15/10/2024;0
298744496;15/10/2024;0
221635635;10/10/2024;0
272447428;16/10/2024;1
248048140;16/10/2024;0
577838676;16/10/2024;0
224742797;17/10/2024;0
252475997;17/10/2024;0
192297014;17/10/2024;1
199529949;17/10/2024;1
206990436;17/10/2024;0
249549701;17/10/2024;0
346766904;17/10/2024;1
502887360;15/10/2024;0
227519682;17/10/2024;1
226433112;17/01/2024;0
545790848;17/10/2024;0
234097465;18/10/2024;0
197032616;17/10/2024;1
526098910;18/10/2024;0
215658603;18/10/2024;0
226433112;17/10/2024;1
270819615;17/10/2024;0
474168248;18/10/2024;1
473142859;18/10/2024;1
198466578;18/10/2024;0
253527602;18/10/2024;1
214506858;21/10/2024;0
194361280;18/10/2024;1
227058576;21/10/2024;1
269071731;22/10/2024;1
205214084;22/10/2024;1
468268884;22/10/2024;1
231900241;23/10/2024;0
198472319;23/10/2024;0
546845904;22/10/2024;1
326123791;22/10/2024;1
525000654;24/10/2024;0
261937778;22/10/2024;1
196601945;24/10/2024;0
481613873;22/10/2024;1
201566788;23/10/2024;1
195780258;25/10/2024;0
572569204;23/10/2024;1
225997640;23/10/2024;1
226426594;23/10/2024;1
374944749;24/10/2024;1
463665016;24/10/2024;1
206892233;25/10/2024;0
220311519;25/10/2024;0
195790127;24/10/2024;1
540671545;25/10/2024;1
198445943;25/10/2024;0
315764140;25/10/2024;0
305324659;28/10/2024;0
196124219;25/10/2024;1
219354800;28/10/2024;0
309104803;28/10/2024;0
238292700;28/10/2024;0
190228780;28/10/2024;1
253818901;28/10/2024;0
193048661;28/10/2024;0
220585484;28/10/2024;0
197662015;28/10/2024;0
208819338;28/10/2024;0
208827643;28/10/2024;0
214002805;28/10/2024;0
190207155;28/10/2024;0
254220701;28/10/2024;0
216933290;28/10/2024;0
479396400;28/10/2024;1
213667987;28/10/2024;0
208450733;28/10/2024;0
213536616;28/10/2024;0
231477108;28/10/2024;0
224857338;28/10/2024;0
230308966;28/10/2024;0
195498192;25/10/2024;0
231932522;28/10/2024;0
233113063;28/10/2024;0
190636143;28/10/2024;0
191541209;28/10/2024;0
480619606;29/10/2024;0
483691209;29/10/2024;0
213125802;29/10/2024;0
269941197;28/10/2024;1
240993631;29/10/2024;1
193952911;29/10/2024;1
298525701;29/10/2024;0
201011493;28/10/2024;0
231632131;29/10/2024;0
536853572;29/10/2024;0
233356524;29/10/2024;0
475616993;29/10/2024;0
381784891;28/10/2024;0
538132206;28/10/2024;0
466285473;28/10/2024;0
466569144;28/10/2024;0
571144544;29/10/2024;0
575885982;29/10/2024;0
205535800;29/10/2024;1
553970563;29/10/2024;1
191398709;30/10/2024;0
522375506;29/10/2024;1
269941197;30/10/2024;0
193473621;30/10/2024;1
581034655;30/10/2024;1
571868969;30/10/2024;1
191763235;30/10/2024;1
238434554;30/10/2024;1
206578796;30/10/2024;0
208711215;30/10/2024;0
260725752;30/10/2024;0
559078170;30/10/2024;1
479399841;30/10/2024;1
479399841;30/10/2024;1
198415226;31/10/2024;1
500560844;1/11/2024;1
364964740;1/11/2024;1
190669201;1/11/2024;0
340925721;1/11/2024;1
198831004;1/11/2024;0
263434310;1/11/2024;0
209512327;5/11/2024;0
220378422;5/11/2024;0
344564008;6/11/2024;1
293564135;6/11/2024;1
581444782;6/11/2024;0
427226697;6/11/2024;0
540211053;6/11/2024;1
472567701;6/11/2024;1
575615045;7/11/2024;1
476172233;7/11/2024;1
551091207;7/11/2024;1
209139596;7/11/2024;1
195147459;7/11/2024;1
575024555;7/11/2024;1
525087305;7/11/2024;1
205310613;7/11/2024;1
254027646;7/11/2024;0
227411669;7/11/2024;0
225716057;7/11/2024;1
223054822;8/11/2024;1
479624914;8/11/2024;1
512385628;8/11/2024;0
565128603;8/11/2024;1
565128603;8/11/2024;0
559589741;8/11/2024;0
198991205;12/11/2024;1
224666806;12/11/2024;1
542841260;12/11/2024;1
557016364;13/11/2024;1
344564008;13/11/2024;0
194874415;13/11/2024;1
251655714;13/11/2024;1
251655714;14/11/2024;0
196025139;14/11/2024;0
192933001;14/11/2024;0
300844847;13/11/2024;1
569812107;13/11/2024;0
544569781;13/11/2024;1
218304486;14/11/2024;1
231164507;14/11/2024;0
254962400;14/11/2024;0
526098910;14/11/2024;0
560074708;14/11/2024;1
554876347;14/11/2024;0
227121147;14/11/2024;0
225716057;14/11/2024;0
252108634;14/11/2024;0
265024001;15/11/2024;1
481923133;15/11/2024;1
510736290;15/11/2024;0
407085026;15/11/2024;0
269166534;15/11/2024;0
270034242;15/11/2024;0
576957545;15/11/2024;1
537405372;15/11/2024;0
537284243;15/11/2024;0
193264905;15/11/2024;0
497415084;15/11/2024;0
193065068;15/11/2024;0
214290926;15/11/2024;0
232051379;15/11/2024;0
218304486;18/11/2024;1
327944581;18/11/2024;1
262295958;18/11/2024;1
214290926;19/11/2024;0
344564008;19/11/2024;0
560073911;18/11/2024;1
225664291;18/11/2024;1
445488005;18/11/2024;1
449105607;18/11/2024;0
560058088;18/11/2024;1
449125445;19/11/2024;1
265021650;19/11/2024;1
560061488;19/11/2024;1
560062265;19/11/2024;1
192276499;19/11/2024;1
239490619;20/11/2024;1
275828282;21/11/2024;0
560063042;20/11/2024;1
221024307;20/11/2024;1
546544836;20/11/2024;0
226433112;20/11/2024;0
247468297;20/11/2024;0
545790848;20/11/2024;0
552210721;21/11/2024;0
560060601;20/11/2024;1
539364070;21/11/2024;0
572514834;21/11/2024;0
333144406;6/11/2024;0
226057830;21/11/2024;0
379464147;20/11/2024;1
260787750;21/11/2024;0
379167007;21/11/2024;0
579688315;20/11/2024;0
579687538;20/11/2024;0
579706336;20/11/2024;0
578376632;20/11/2024;1
560059865;20/11/2024;1
222674403;22/11/2024;0
256025890;22/11/2024;0
529930060;22/11/2024;0
223152025;22/11/2024;0
193281302;21/11/2024;1
560071357;18/11/2024;0
574280436;21/11/2024;0
574296007;21/11/2024;0
198248760;15/11/2024;0
254819647;21/11/2024;1
250249066;21/11/2024;1
252847992;22/11/2024;1
191390453;25/11/2024;0
195279507;25/11/2024;0
220609297;25/11/2024;0
192063645;25/11/2024;0
258625380;27/11/2024;1
193536043;27/11/2024;1
230210712;27/11/2024;1
430326918;28/11/2024;1
191718685;28/11/2024;0
213242176;28/11/2024;1
268983498;29/11/2024;0
219731769;29/11/2024;1
268983498;30/11/2024;0
198102615;29/11/2024;1
193048661;29/11/2024;1
537269300;22/03/2024;0
576124271;17/09/2024;0
230453383;31/10/2024;0
197186076;2/12/2024;1
574169964;2/12/2024;1
542579842;2/12/2024;0
210046903;2/12/2024;1
298867342;3/12/2024;1
218168314;3/12/2024;1
206218061;3/12/2024;0
432605492;3/12/2024;0
501929408;4/12/2024;0
501994806;4/12/2024;0
490028863;4/12/2024;0
474506308;4/12/2024;0
249185001;4/12/2024;0
252769537;4/12/2024;0
406226144;6/12/2024;0
541896781;7/12/2024;0
503970638;7/12/2024;0
572666620;7/12/2024;0
198248760;5/12/2024;0
271617386;9/12/2024;1
313504374;9/12/2024;0
200829075;10/12/2024;0
489927403;10/12/2024;0
494784234;9/12/2024;1
226059404;10/12/2024;0
226982715;11/12/2024;0
307218859;10/12/2024;0
200247577;10/12/2024;0
201225014;10/12/2024;0
201878602;10/12/2024;0
307735171;9/12/2024;1
205790953;11/12/2024;0
256052266;11/12/2024;0
206165318;11/12/2024;0
227462901;11/12/2024;0
227057799;11/12/2024;0
494784234;9/12/2024;1
227174053;10/12/2024;1
491927008;10/12/2024;1
251443857;11/12/2024;0
501367748;10/12/2024;0
226193165;9/12/2024;0
320164730;9/12/2024;0
320164730;9/12/2024;0
227289604;11/12/2024;0
246699366;10/12/2024;1
226993471;11/12/2024;0
250218562;10/12/2024;1
527614241;10/12/2024;1
490940428;10/12/2024;1
227411669;11/12/2024;1
354255262;11/12/2024;1
270005202;11/12/2024;1
320164730;11/12/2024;1
263808889;13/12/2024;0
210629298;12/12/2024;0
338784249;12/12/2024;0
293045159;11/12/2024;1
264453230;11/12/2024;1
210627624;12/12/2024;0
531749053;12/12/2024;0
208126317;13/12/2024;0
217556080;13/12/2024;0
212751224;13/12/2024;0
572938968;12/12/2024;1
210284669;12/12/2024;1
529820324;12/12/2024;1
203155782;10/12/2024;0
228061825;11/12/2024;0
221525909;11/12/2024;0
477716568;11/12/2024;0
530454877;11/12/2024;0
228481821;12/12/2024;0
475175625;13/12/2024;1
208088558;13/12/2024;0
207971324;13/12/2024;0
195279507;16/12/2024;0
271334592;12/12/2024;0
247468297;12/12/2024;0
271855932;12/12/2024;0
211813100;13/12/2024;1
559358713;12/12/2024;0
251343090;13/12/2024;1
261656348;13/12/2024;1
468885963;17/12/2024;0
198247983;16/12/2024;0
204429533;16/12/2024;0
206729632;16/12/2024;0
205164782;13/12/2024;1
258625380;16/12/2024;0
253818901;16/12/2024;0
554257604;13/12/2024;1
191502490;16/12/2024;1
191541209;17/12/2024;0
204171351;18/12/2024;0
555705349;18/12/2024;0
555705349;17/12/2024;1
412125721;17/12/2024;1
196583924;18/12/2024;1
422946409;18/12/2024;0
267693017;19/12/2024;0
509140039;18/12/2024;1
257229501;19/12/2024;0
197643054;18/12/2024;1
503708057;20/12/2024;0
489530645;19/12/2024;1
517404001;26/12/2024;1
562948090;26/12/2024;1
214952443;26/12/2024;1
257466370;26/12/2024;0
196649897;26/12/2024;0
232339278;27/12/2024;0
195449404;27/12/2024;0
485952699;26/12/2024;1
212856906;30/12/2024;1
192471108;30/12/2024;0
204171351;30/12/2024;0
556322647;31/12/2024;0
255497066;30/12/2024;1
501614223;2/01/2025;0
200019890;3/01/2025;1
217116336;3/01/2025;1
406985240;3/01/2025;1
521172772;3/01/2025;0
521172772;3/01/2025;0
521172772;3/01/2025;0
518704241;4/01/2025;1
521172772;4/01/2025;1
521172772;4/01/2025;1
521172772;4/01/2025;1
219354800;7/01/2025;0
191385499;7/01/2025;0
191195734;7/01/2025;0
251864530;7/01/2025;0
192008116;7/01/2025;0
191547991;7/01/2025;0
481505601;7/01/2025;0
543524321;7/01/2025;0
491265591;7/01/2025;0
282165068;7/01/2025;0
571472098;8/01/2025;0
218498422;8/01/2025;0
231165284;8/01/2025;0
269938797;8/01/2025;0
230734603;8/01/2025;0
515521357;9/01/2025;1
216237879;9/01/2025;1
460005233;9/01/2025;1
193562632;9/01/2025;1
323830001;9/01/2025;0
220609297;9/01/2025;0
253036889;10/01/2025;1
541793673;10/01/2025;0
234799578;10/01/2025;0
198600976;10/01/2025;1
477921156;10/01/2025;0
198141424;13/01/2025;0
436785057;11/01/2025;1
201495951;14/01/2025;0
230680183;14/01/2025;1
192820914;13/01/2025;0
193750723;13/01/2025;0
283404297;13/01/2025;0
258410072;13/01/2025;1
310184731;14/01/2025;1
270122576;14/01/2025;1
225856400;14/01/2025;1
449425836;14/01/2025;1
191882063;15/01/2025;0
269140004;14/01/2025;1
490940428;14/01/2025;0
324664271;15/01/2025;1
225657663;15/01/2025;1
227463798;15/01/2025;0
226057830;16/01/2025;0
305825251;16/01/2025;1
529414525;14/01/2025;1
578695994;17/01/2025;1
251224262;17/01/2025;1
349028190;14/01/2025;1
214544980;14/01/2025;1
508403326;15/01/2025;0
262754500;16/01/2025;0
228439612;16/01/2025;0
214895513;16/01/2025;0
228078273;17/01/2025;0
477921156;20/01/2025;1
191726990;18/01/2025;0
216757532;20/01/2025;0
231339319;20/01/2025;0
197863426;20/01/2025;0
323085165;20/01/2025;0
197435115;20/01/2025;0
198472319;20/01/2025;0
230280025;20/01/2025;0
194853890;20/01/2025;0
582418042;20/01/2025;1
522375506;20/01/2025;0
194866000;20/01/2025;0
203644041;20/01/2025;0
214121633;21/01/2025;0
206003653;21/01/2025;1
576957545;13/01/2025;0
204368585;16/01/2025;0
487061416;14/01/2025;0
268800008;16/01/2025;0
202618503;17/01/2025;0
542841260;17/01/2025;0
203282915;17/01/2025;0
572514834;16/01/2025;0
250818244;17/01/2025;0
249126454;17/01/2025;0
205089678;17/01/2025;0
204069971;17/01/2025;1
493640704;16/01/2025;1
240731009;17/01/2025;0
259511475;17/01/2025;0
228451104;16/01/2025;1
531749053;16/01/2025;1
263243888;15/01/2025;0
248023497;15/01/2025;1
479198430;15/01/2025;0
219652527;22/01/2025;1
196840388;22/01/2025;0
196607637;21/01/2025;0
230421002;21/01/2025;0
224351721;21/01/2025;0
196390928;22/01/2025;0
490464589;21/01/2025;0
582055039;22/01/2025;1
581034655;22/01/2025;0
547041429;21/01/2025;1
219146861;21/01/2025;1
219146861;21/01/2025;0
468406400;21/01/2025;0
349684188;21/01/2025;0
251854661;21/01/2025;0
500578079;21/01/2025;0
200915735;21/01/2025;0
323830001;22/01/2025;0
201891981;22/01/2025;0
426286172;22/01/2025;0
287133352;22/01/2025;0
197066461;22/01/2025;0
195873597;13/01/2025;0
217952100;13/01/2025;0
349684188;22/01/2025;0
198158872;22/01/2025;0
407705393;22/01/2025;0
483098096;22/01/2025;0
209352499;22/01/2025;0
485632450;23/01/2025;1
197973162;22/01/2025;0
403846907;23/01/2025;0
201154297;24/01/2025;1
573576691;24/01/2025;0
500017933;24/01/2025;0
190620582;24/01/2025;0
191365641;24/01/2025;0
213689399;24/01/2025;1
573046059;22/01/2025;0
268100559;22/01/2025;0
227123701;22/01/2025;0
225403546;22/01/2025;0
249856610;22/01/2025;0
225662627;22/01/2025;0
227411669;23/01/2025;0
539364070;23/01/2025;0
205098760;24/01/2025;0
227058576;22/01/2025;0
269163293;27/01/2025;0
252700060;27/01/2025;0
193562632;27/01/2025;0
214471599;27/01/2025;0
190801145;27/01/2025;0
268668164;24/01/2025;0
491943728;27/01/2025;0
195309051;27/01/2025;0
231414423;27/01/2025;0
191802881;27/01/2025;0
193409000;27/01/2025;0
206619906;27/01/2025;0
230906084;27/01/2025;0
383524631;28/01/2025;0
238725653;27/01/2025;0
570392110;27/01/2025;0
315084449;27/01/2025;0
200503144;27/01/2025;0
496741005;28/01/2025;0
309404294;28/01/2025;0
488257712;22/01/2025;0
206990436;28/01/2025;0
191637889;28/01/2025;0
191309435;28/01/2025;0
506591772;28/01/2025;0
541896781;28/01/2025;0
346766904;28/01/2025;0
293464478;28/01/2025;0
292187217;28/01/2025;0
299125502;28/01/2025;0
260394220;28/01/2025;0
196587052;28/01/2025;0
191384702;28/01/2025;0
272447428;29/01/2025;0
503944149;29/01/2025;1
230252972;28/01/2025;0
259944791;28/01/2025;0
201566788;29/01/2025;0
259957901;29/01/2025;1
213157193;29/01/2025;1
259725006;29/01/2025;0
198247983;29/01/2025;0
268071882;29/01/2025;0
506591772;29/01/2025;1
483689686;29/01/2025;1
490858896;29/01/2025;1
503792416;30/01/2025;1
489709695;30/01/2025;0
196086350;30/01/2025;0
190692459;28/01/2025;0
206155449;28/01/2025;0
191563601;30/01/2025;1
383044564;30/01/2025;0
542662261;30/01/2025;0
219941262;30/01/2025;0
505552004;30/01/2025;0
504021736;31/01/2025;0
504271825;31/01/2025;1
190325106;31/01/2025;0
191630300;31/01/2025;0
436785057;1/02/2025;0
216712031;3/02/2025;0
238913844;3/02/2025;1
190527294;3/02/2025;0
292187217;3/02/2025;1
292187217;3/02/2025;0
328964288;3/02/2025;1
483560938;4/02/2025;0
214323821;4/02/2025;1
191630300;4/02/2025;1
207263570;4/02/2025;1
205735424;4/02/2025;0
259541192;4/02/2025;0
249192639;4/02/2025;0
224380661;5/02/2025;1
220211752;5/02/2025;0
230084629;5/02/2025;0
379047492;5/02/2025;0
195265400;5/02/2025;0
220115013;5/02/2025;1
399465418;5/02/2025;1
221971594;4/02/2025;1
216441680;6/02/2025;0
192033928;6/02/2025;0
190300443;6/02/2025;0
248278491;6/02/2025;0
252158109;6/02/2025;0
236501345;6/02/2025;0
194982597;6/02/2025;0
257403695;6/02/2025;0
233026416;6/02/2025;0
518201985;6/02/2025;0
